window,n_obs,lambda,t_stat,r_squared,bin_start,bin_end
1,13,7.408785898803939e-05,3.6164019764753466,0.5698406400913862,0,12
2,13,3.822618682622968e-05,5.481770990336032,0.6452490002107522,13,25
3,13,3.357737590284631e-05,7.08280386259502,0.6747629233750279,26,38
4,13,5.0815665606951595e-05,3.1184896983596637,0.3499116135005491,39,51
5,13,8.061900028427147e-06,0.44135946696727246,0.03180564552760745,52,64
6,13,2.8750316813572725e-05,4.540753675049075,0.49173320483754035,65,77
